Pricing Date,PHLX Semiconductor Sector Index (^SOX) - Index Value
Nov-22-2004,432.88
Nov-23-2004,429.71
Nov-24-2004,433.65
Nov-26-2004,430.98
Nov-29-2004,429.89
Nov-30-2004,423.87
Dec-01-2004,440.09
Dec-02-2004,438.71
Dec-03-2004,445.28
Dec-06-2004,446.88
Dec-07-2004,437.51
Dec-08-2004,431.91
Dec-09-2004,425.46
Dec-10-2004,422.75
Dec-13-2004,425.1
Dec-14-2004,433.02
Dec-15-2004,434.04
Dec-16-2004,427.09
Dec-17-2004,423.75
Dec-20-2004,419.4
Dec-21-2004,424.4
Dec-22-2004,424.05
Dec-23-2004,426.43
Dec-27-2004,423.09
Dec-28-2004,426.75
Dec-29-2004,430.53
Dec-30-2004,431.26
Dec-31-2004,433.31
Jan-03-2005,424.26
Jan-04-2005,410.36
Jan-05-2005,404.25
Jan-06-2005,402.14
Jan-07-2005,407.56
Jan-10-2005,406.25
Jan-11-2005,396.19
Jan-12-2005,401.83
Jan-13-2005,396.17
Jan-14-2005,403.14
Jan-18-2005,406.55
Jan-19-2005,397.89
Jan-20-2005,394.81
Jan-21-2005,389.66
Jan-24-2005,383.04
Jan-25-2005,389.87
Jan-26-2005,400.06
Jan-27-2005,403.67
Jan-28-2005,399.46
Jan-31-2005,403.96
Feb-01-2005,408.46
Feb-02-2005,405.83
Feb-03-2005,400.7
Feb-04-2005,418.16
Feb-07-2005,418.34
Feb-08-2005,427.49
Feb-09-2005,417.92
Feb-10-2005,420.46
Feb-11-2005,435.52
Feb-14-2005,436.22
Feb-15-2005,439.24
Feb-16-2005,435.53
Feb-17-2005,429.78
Feb-18-2005,427.73
Feb-22-2005,425.79
Feb-23-2005,424.02
Feb-24-2005,434.15
Feb-25-2005,443.7
Feb-28-2005,437.23
Mar-01-2005,447.05
Mar-02-2005,440.01
Mar-03-2005,434.42
Mar-04-2005,433.38
Mar-07-2005,441.54
Mar-08-2005,435.44
Mar-09-2005,434.33
Mar-10-2005,440.46
Mar-11-2005,427.88
Mar-14-2005,430.25
Mar-15-2005,421.12
Mar-16-2005,416.92
Mar-17-2005,417.8
Mar-18-2005,414.13
Mar-21-2005,413.41
Mar-22-2005,410.09
Mar-23-2005,414.86
Mar-24-2005,415.88
Mar-28-2005,415.5
Mar-29-2005,410.16
Mar-30-2005,419.66
Mar-31-2005,416.99
Apr-01-2005,411.22
Apr-04-2005,409.42
Apr-05-2005,409.91
Apr-06-2005,410.87
Apr-07-2005,418.97
Apr-08-2005,416.95
Apr-11-2005,413.61
Apr-12-2005,413.14
Apr-13-2005,401.93
Apr-14-2005,395.71
Apr-15-2005,382.64
Apr-18-2005,385.85
Apr-19-2005,392.56
Apr-20-2005,383.97
Apr-21-2005,394.72
Apr-22-2005,389.35
Apr-25-2005,391.44
Apr-26-2005,388.62
Apr-27-2005,387.73
Apr-28-2005,384.34
Apr-29-2005,385.65
May-02-2005,385.27
May-03-2005,385.08
May-04-2005,394.38
May-05-2005,394.32
May-06-2005,396.82
May-09-2005,398.54
May-10-2005,394.43
May-11-2005,395.87
May-12-2005,397.02
May-13-2005,408.23
May-16-2005,411.11
May-17-2005,414.56
May-18-2005,418.89
May-19-2005,420.09
May-20-2005,425.23
May-23-2005,423.86
May-24-2005,430.43
May-25-2005,425.69
May-26-2005,433.6
May-27-2005,430.43
May-31-2005,428.95
Jun-01-2005,432.11
Jun-02-2005,440.07
Jun-03-2005,434.26
Jun-06-2005,432.28
Jun-07-2005,427.52
Jun-08-2005,430.27
Jun-09-2005,438.49
Jun-10-2005,430.75
Jun-13-2005,430.32
Jun-14-2005,425.65
Jun-15-2005,427.23
Jun-16-2005,429.33
Jun-17-2005,430.51
Jun-20-2005,428.3
Jun-21-2005,431.36
Jun-22-2005,433.68
Jun-23-2005,435.25
Jun-24-2005,427
Jun-27-2005,421.37
Jun-28-2005,425.19
Jun-29-2005,421.37
Jun-30-2005,419.07
Jul-01-2005,419.36
Jul-05-2005,425.87
Jul-06-2005,430.33
Jul-07-2005,431.89
Jul-08-2005,442.75
Jul-11-2005,451.6
Jul-12-2005,456.1
Jul-13-2005,458.15
Jul-14-2005,463.93
Jul-15-2005,463.64
Jul-18-2005,460.84
Jul-19-2005,468.75
Jul-20-2005,476.73
Jul-21-2005,468.94
Jul-22-2005,475.19
Jul-25-2005,472.17
Jul-26-2005,477.04
Jul-27-2005,473.89
Jul-28-2005,474.28
Jul-29-2005,474.44
Aug-01-2005,474.37
Aug-02-2005,486.2
Aug-03-2005,484.29
Aug-04-2005,472.54
Aug-05-2005,471.19
Aug-08-2005,465.86
Aug-09-2005,471.51
Aug-10-2005,465.75
Aug-11-2005,469.05
Aug-12-2005,462.83
Aug-15-2005,467.76
Aug-16-2005,458.2
Aug-17-2005,464.15
Aug-18-2005,461.28
Aug-19-2005,462.27
Aug-22-2005,467.72
Aug-23-2005,467.52
Aug-24-2005,463.97
Aug-25-2005,467.05
Aug-26-2005,464.02
Aug-29-2005,470.25
Aug-30-2005,468.63
Aug-31-2005,473.75
Sep-01-2005,468.37
Sep-02-2005,467.42
Sep-06-2005,474.71
Sep-07-2005,473.4
Sep-08-2005,478.81
Sep-09-2005,482.16
Sep-12-2005,481.09
Sep-13-2005,482.2
Sep-14-2005,478.11
Sep-15-2005,473.26
Sep-16-2005,474.77
Sep-19-2005,468.14
Sep-20-2005,466.26
Sep-21-2005,458.16
Sep-22-2005,457.11
Sep-23-2005,460.72
Sep-26-2005,462.83
Sep-27-2005,457.13
Sep-28-2005,459.26
Sep-29-2005,466.36
Sep-30-2005,475.32
Oct-03-2005,478.11
Oct-04-2005,472.92
Oct-05-2005,466.42
Oct-06-2005,458.35
Oct-07-2005,461.11
Oct-10-2005,446.15
Oct-11-2005,438.71
Oct-12-2005,436.97
Oct-13-2005,446.33
Oct-14-2005,442.69
Oct-17-2005,444.72
Oct-18-2005,439.3
Oct-19-2005,439.4
Oct-20-2005,439.81
Oct-21-2005,441.85
Oct-24-2005,446.79
Oct-25-2005,442.14
Oct-26-2005,439.58
Oct-27-2005,427.64
Oct-28-2005,424.87
Oct-31-2005,432.64
Nov-01-2005,428.54
Nov-02-2005,441.22
Nov-03-2005,449.53
Nov-04-2005,451.83
Nov-07-2005,453.28
Nov-08-2005,452.3
Nov-09-2005,458.66
Nov-10-2005,464.53
Nov-11-2005,461.15
Nov-14-2005,463.73
Nov-15-2005,462.27
Nov-16-2005,461.88
Nov-17-2005,466.79
Nov-18-2005,478.46
Nov-21-2005,478.58
Nov-22-2005,482.87
Nov-23-2005,480.48
Nov-25-2005,484.61
Nov-28-2005,478.76
Nov-29-2005,475.78
Nov-30-2005,481.64
Dec-01-2005,501.91
Dec-02-2005,505.59
Dec-05-2005,497.67
Dec-06-2005,502.86
Dec-07-2005,496.9
Dec-08-2005,488.41
Dec-09-2005,497.21
Dec-12-2005,500.2
Dec-13-2005,502.84
Dec-14-2005,500.77
Dec-15-2005,498.38
Dec-16-2005,495.29
Dec-19-2005,483.9
Dec-20-2005,486.38
Dec-21-2005,484.76
Dec-22-2005,490.67
Dec-23-2005,491.82
Dec-27-2005,485.59
Dec-28-2005,486.68
Dec-29-2005,482
Dec-30-2005,479.49
Jan-03-2006,493.13
Jan-04-2006,496.69
Jan-05-2006,508.54
Jan-06-2006,519.57
Jan-09-2006,524.33
Jan-10-2006,527.75
Jan-11-2006,536.44
Jan-12-2006,529.28
Jan-13-2006,526.64
Jan-17-2006,518.44
Jan-18-2006,518.89
Jan-19-2006,534.74
Jan-20-2006,512.57
Jan-23-2006,515.54
Jan-24-2006,520.71
Jan-25-2006,521.53
Jan-26-2006,536.54
Jan-27-2006,550.91
Jan-30-2006,547
Jan-31-2006,539.11
Feb-01-2006,544.68
Feb-02-2006,536.49
Feb-03-2006,528.77
Feb-06-2006,540.14
Feb-07-2006,540.73
Feb-08-2006,548.48
Feb-09-2006,546.83
Feb-10-2006,540.39
Feb-13-2006,532.8
Feb-14-2006,536.46
Feb-15-2006,538.23
Feb-16-2006,545.95
Feb-17-2006,535.41
Feb-21-2006,523.77
Feb-22-2006,530.78
Feb-23-2006,524.48
Feb-24-2006,524.55
Feb-27-2006,527.39
Feb-28-2006,523.19
Mar-01-2006,545.87
Mar-02-2006,546.29
Mar-03-2006,537.78
Mar-06-2006,528.57
Mar-07-2006,513.44
Mar-08-2006,510.62
Mar-09-2006,503.53
Mar-10-2006,502.34
Mar-13-2006,499.93
Mar-14-2006,511.08
Mar-15-2006,512.63
Mar-16-2006,496.06
Mar-17-2006,496.37
Mar-20-2006,498.21
Mar-21-2006,497.22
Mar-22-2006,497.59
Mar-23-2006,499.92
Mar-24-2006,504.84
Mar-27-2006,503.82
Mar-28-2006,493.51
Mar-29-2006,505.63
Mar-30-2006,505.51
Mar-31-2006,499.65
Apr-03-2006,505.18
Apr-04-2006,504.04
Apr-05-2006,517.94
Apr-06-2006,524.61
Apr-07-2006,514.94
Apr-10-2006,510.86
Apr-11-2006,503.34
Apr-12-2006,506.44
Apr-13-2006,507.96
Apr-17-2006,500.44
Apr-18-2006,517.46
Apr-19-2006,526.5
Apr-20-2006,529.3
Apr-21-2006,518.42
Apr-24-2006,514.8
Apr-25-2006,516.22
Apr-26-2006,513.48
Apr-27-2006,520.15
Apr-28-2006,516.91
May-01-2006,512.01
May-02-2006,513.71
May-03-2006,520.06
May-04-2006,526.84
May-05-2006,528.94
May-08-2006,525.37
May-09-2006,520
May-10-2006,507.05
May-11-2006,495.5
May-12-2006,491.62
May-15-2006,486.97
May-16-2006,484.26
May-17-2006,478.68
May-18-2006,474.41
May-19-2006,489.67
May-22-2006,469.16
May-23-2006,461.58
May-24-2006,465.04
May-25-2006,462.99
May-26-2006,466.77
May-30-2006,456.67
May-31-2006,464.74
Jun-01-2006,475.36
Jun-02-2006,474.65
Jun-05-2006,460.42
Jun-06-2006,458.36
Jun-07-2006,447.55
Jun-08-2006,446.76
Jun-09-2006,444.16
Jun-12-2006,435.69
Jun-13-2006,433.39
Jun-14-2006,439.33
Jun-15-2006,457.58
Jun-16-2006,453.53
Jun-19-2006,449.18
Jun-20-2006,446.05
Jun-21-2006,455.37
Jun-22-2006,449.19
Jun-23-2006,445.41
Jun-26-2006,448.31
Jun-27-2006,431.52
Jun-28-2006,429.06
Jun-29-2006,446.17
Jun-30-2006,441.72
Jul-03-2006,446.01
Jul-05-2006,431.9
Jul-06-2006,430.78
Jul-07-2006,424.24
Jul-10-2006,414.89
Jul-11-2006,428.54
Jul-12-2006,416.99
Jul-13-2006,411.03
Jul-14-2006,409.01
Jul-17-2006,406.77
Jul-18-2006,405.24
Jul-19-2006,414.51
Jul-20-2006,404.13
Jul-21-2006,384.88
Jul-24-2006,391.93
Jul-25-2006,396.17
Jul-26-2006,395.81
Jul-27-2006,400.04
Jul-28-2006,412.21
Jul-31-2006,412.76
Aug-01-2006,404.53
Aug-02-2006,408.76
Aug-03-2006,415.03
Aug-04-2006,411.03
Aug-07-2006,408.53
Aug-08-2006,405.72
Aug-09-2006,408.6
Aug-10-2006,414.72
Aug-11-2006,405.39
Aug-14-2006,409.91
Aug-15-2006,425.17
Aug-16-2006,443.6
Aug-17-2006,446.11
Aug-18-2006,445.87
Aug-21-2006,436.75
Aug-22-2006,435.84
Aug-23-2006,431.64
Aug-24-2006,434.61
Aug-25-2006,433.69
Aug-28-2006,438.44
Aug-29-2006,445.71
Aug-30-2006,453.77
Aug-31-2006,449.22
Sep-01-2006,444.52
Sep-05-2006,451.96
Sep-06-2006,437.12
Sep-07-2006,435.56
Sep-08-2006,438.69
Sep-11-2006,449.03
Sep-12-2006,465.95
Sep-13-2006,462.32
Sep-14-2006,463.83
Sep-15-2006,463.65
Sep-18-2006,468.74
Sep-19-2006,458.41
Sep-20-2006,460.2
Sep-21-2006,452.08
Sep-22-2006,449.3
Sep-25-2006,460.57
Sep-26-2006,458.99
Sep-27-2006,455.77
Sep-28-2006,460.12
Sep-29-2006,454.7
Oct-02-2006,453.25
Oct-03-2006,448.28
Oct-04-2006,456.8
Oct-05-2006,455.41
Oct-06-2006,451.32
Oct-09-2006,456.39
Oct-10-2006,454.72
Oct-11-2006,460.57
Oct-12-2006,466.85
Oct-13-2006,471.27
Oct-16-2006,475.46
Oct-17-2006,463.74
Oct-18-2006,450.79
Oct-19-2006,449.09
Oct-20-2006,447.23
Oct-23-2006,449.55
Oct-24-2006,444.45
Oct-25-2006,455.99
Oct-26-2006,461.27
Oct-27-2006,452.31
Oct-30-2006,457.4
Oct-31-2006,458.14
Nov-01-2006,449.29
Nov-02-2006,447.35
Nov-03-2006,449.17
Nov-06-2006,457.09
Nov-07-2006,465.83
Nov-08-2006,465.67
Nov-09-2006,456.72
Nov-10-2006,461.32
Nov-13-2006,468.53
Nov-14-2006,481.77
Nov-15-2006,483.81
Nov-16-2006,485.93
Nov-17-2006,483.25
Nov-20-2006,491.72
Nov-21-2006,486.32
Nov-22-2006,492.33
Nov-24-2006,489.33
Nov-27-2006,477.82
Nov-28-2006,478.46
Nov-29-2006,476.39
Nov-30-2006,479.02
Dec-01-2006,474.09
Dec-04-2006,483.42
Dec-05-2006,487.12
Dec-06-2006,488.83
Dec-07-2006,480.56
Dec-08-2006,477.38
Dec-11-2006,476.18
Dec-12-2006,472.83
Dec-13-2006,467.01
Dec-14-2006,475.71
Dec-15-2006,475.84
Dec-18-2006,476.43
Dec-19-2006,469.7
Dec-20-2006,472.88
Dec-21-2006,466.5
Dec-22-2006,463.67
Dec-26-2006,467.49
Dec-27-2006,469.97
Dec-28-2006,469
Dec-29-2006,467.92
Jan-03-2007,465.06
Jan-04-2007,474.42
Jan-05-2007,469.09
Jan-08-2007,471.94
Jan-09-2007,475.38
Jan-10-2007,483.77
Jan-11-2007,482.36
Jan-12-2007,482.51
Jan-16-2007,476.51
Jan-17-2007,472.63
Jan-18-2007,454.37
Jan-19-2007,456.83
Jan-22-2007,452.23
Jan-23-2007,452.78
Jan-24-2007,458.72
Jan-25-2007,456.13
Jan-26-2007,462.78
Jan-29-2007,460.23
Jan-30-2007,460.53
Jan-31-2007,458.93
Feb-01-2007,462.55
Feb-02-2007,466.49
Feb-05-2007,467.12
Feb-06-2007,464.61
Feb-07-2007,472.01
Feb-08-2007,469.68
Feb-09-2007,463.19
Feb-12-2007,458.65
Feb-13-2007,460.65
Feb-14-2007,470.49
Feb-15-2007,473.91
Feb-16-2007,473.13
Feb-19-2007,474.42
Feb-20-2007,474.42
Feb-21-2007,473.12
Feb-22-2007,486.18
Feb-23-2007,488.5
Feb-26-2007,487.99
Feb-27-2007,473.01
Feb-28-2007,473.55
Mar-01-2007,469.63
Mar-02-2007,461.34
Mar-05-2007,457.9
Mar-06-2007,465.52
Mar-07-2007,463.42
Mar-08-2007,471.75
Mar-09-2007,475.05
Mar-12-2007,479.3
Mar-13-2007,471.33
Mar-14-2007,473.68
Mar-15-2007,474.3
Mar-16-2007,471.99
Mar-19-2007,469.18
Mar-20-2007,473.66
Mar-21-2007,482.45
Mar-22-2007,476.26
Mar-23-2007,479.27
Mar-26-2007,478.77
Mar-27-2007,475.54
Mar-28-2007,469.11
Mar-29-2007,464.71
Mar-30-2007,465.57
Apr-02-2007,465.45
Apr-03-2007,468.6
Apr-04-2007,473.02
Apr-05-2007,475.6
Apr-09-2007,472.77
Apr-10-2007,476.58
Apr-11-2007,471.28
Apr-12-2007,475.88
Apr-13-2007,472.44
Apr-16-2007,474
Apr-17-2007,471.51
Apr-18-2007,483.45
Apr-19-2007,486.44
Apr-20-2007,487.31
Apr-23-2007,484.06
Apr-24-2007,499.02
Apr-25-2007,502.84
Apr-26-2007,506.48
Apr-27-2007,498.67
Apr-30-2007,492.94
May-01-2007,494.13
May-02-2007,498.41
May-03-2007,500.38
May-04-2007,505.61
May-07-2007,503.85
May-08-2007,501.12
May-09-2007,509.61
May-10-2007,498.9
May-11-2007,504.86
May-14-2007,504.13
May-15-2007,498.08
May-16-2007,497.53
May-17-2007,492.3
May-18-2007,491.71
May-21-2007,490.86
May-22-2007,493.02
May-23-2007,486.61
May-24-2007,478.84
May-25-2007,480.63
May-29-2007,483.17
May-30-2007,481.42
May-31-2007,488.26
Jun-01-2007,489.98
Jun-04-2007,490.44
Jun-05-2007,487.24
Jun-06-2007,481.75
Jun-07-2007,473.66
Jun-08-2007,488.36
Jun-11-2007,486.37
Jun-12-2007,481.8
Jun-13-2007,488.74
Jun-14-2007,494.03
Jun-15-2007,502.49
Jun-18-2007,503.17
Jun-19-2007,500.81
Jun-20-2007,497.59
Jun-21-2007,512.5
Jun-22-2007,504.73
Jun-25-2007,497.18
Jun-26-2007,495.89
Jun-27-2007,506.77
Jun-28-2007,502.24
Jun-29-2007,501.16
Jul-02-2007,505.41
Jul-03-2007,505.51
Jul-05-2007,509.36
Jul-06-2007,514.65
Jul-09-2007,520.53
Jul-10-2007,516.55
Jul-11-2007,516
Jul-12-2007,530.96
Jul-13-2007,529.89
Jul-16-2007,530.91
Jul-17-2007,546.59
Jul-18-2007,539.27
Jul-19-2007,543.54
Jul-20-2007,536.87
Jul-23-2007,533.94
Jul-24-2007,523.74
Jul-25-2007,524.26
Jul-26-2007,512.6
Jul-27-2007,502.28
Jul-30-2007,510.88
Jul-31-2007,499.08
Aug-01-2007,500.92
Aug-02-2007,500.13
Aug-03-2007,487.63
Aug-06-2007,495.19
Aug-07-2007,493.54
Aug-08-2007,505.49
Aug-09-2007,502.16
Aug-10-2007,504.28
Aug-13-2007,501.71
Aug-14-2007,490.5
Aug-15-2007,478.24
Aug-16-2007,477.71
Aug-17-2007,487.81
Aug-20-2007,492.14
Aug-21-2007,492.03
Aug-22-2007,496.48
Aug-23-2007,492.8
Aug-24-2007,495.72
Aug-27-2007,487.55
Aug-28-2007,476.08
Aug-29-2007,489.34
Aug-30-2007,490.09
Aug-31-2007,497.44
Sep-04-2007,508.39
Sep-05-2007,502.14
Sep-06-2007,505.61
Sep-07-2007,492.95
Sep-10-2007,495.86
Sep-11-2007,499.93
Sep-12-2007,490.21
Sep-13-2007,488.18
Sep-14-2007,487
Sep-17-2007,484.3
Sep-18-2007,498.06
Sep-19-2007,498.74
Sep-20-2007,499.15
Sep-21-2007,501.13
Sep-24-2007,495.28
Sep-25-2007,497.2
Sep-26-2007,495.66
Sep-27-2007,498.89
Sep-28-2007,500.09
Oct-01-2007,506.02
Oct-02-2007,505.97
Oct-03-2007,495.19
Oct-04-2007,493.99
Oct-05-2007,498.85
Oct-08-2007,501.15
Oct-09-2007,496.68
Oct-10-2007,493.82
Oct-11-2007,482.65
Oct-12-2007,487.43
Oct-15-2007,487.37
Oct-16-2007,486.88
Oct-17-2007,495.89
Oct-18-2007,496.33
Oct-19-2007,475.01
Oct-22-2007,479.82
Oct-23-2007,478.62
Oct-24-2007,461.83
Oct-25-2007,452.51
Oct-26-2007,451.93
Oct-29-2007,458.56
Oct-30-2007,459.33
Oct-31-2007,463.39
Nov-01-2007,455.18
Nov-02-2007,457.93
Nov-05-2007,452.22
Nov-06-2007,455.35
Nov-07-2007,444.16
Nov-08-2007,437.42
Nov-09-2007,436.3
Nov-12-2007,430.32
Nov-13-2007,440.12
Nov-14-2007,431.7
Nov-15-2007,428.34
Nov-16-2007,426.29
Nov-19-2007,417.55
Nov-20-2007,413.02
Nov-21-2007,407.82
Nov-23-2007,413.48
Nov-26-2007,402.35
Nov-27-2007,410.57
Nov-28-2007,420.23
Nov-29-2007,420.11
Nov-30-2007,414.58
Dec-03-2007,414.98
Dec-04-2007,411.64
Dec-05-2007,421.72
Dec-06-2007,428.91
Dec-07-2007,429.07
Dec-10-2007,432.25
Dec-11-2007,423.27
Dec-12-2007,425.67
Dec-13-2007,420.9
Dec-14-2007,414.13
Dec-17-2007,407.6
Dec-18-2007,408.51
Dec-19-2007,409.04
Dec-20-2007,414.57
Dec-21-2007,416.21
Dec-24-2007,418.41
Dec-26-2007,418.49
Dec-27-2007,410.89
Dec-28-2007,409.99
Dec-31-2007,408.04
Jan-02-2008,396.73
Jan-03-2008,391.29
Jan-04-2008,372.85
Jan-07-2008,371.61
Jan-08-2008,361.71
Jan-09-2008,362.94
Jan-10-2008,362.55
Jan-11-2008,353.89
Jan-14-2008,364.65
Jan-15-2008,353.18
Jan-16-2008,355.52
Jan-17-2008,349.85
Jan-18-2008,358.35
Jan-22-2008,347.98
Jan-23-2008,352.26
Jan-24-2008,361.06
Jan-25-2008,354.5
Jan-28-2008,359.74
Jan-29-2008,357.9
Jan-30-2008,358.81
Jan-31-2008,359
Feb-01-2008,379.73
Feb-04-2008,371.48
Feb-05-2008,357.11
Feb-06-2008,346.91
Feb-07-2008,347.55
Feb-08-2008,349.74
Feb-11-2008,355.16
Feb-12-2008,352.82
Feb-13-2008,363.49
Feb-14-2008,353.26
Feb-15-2008,347.56
Feb-19-2008,343.01
Feb-20-2008,352.42
Feb-21-2008,351.43
Feb-22-2008,351.88
Feb-25-2008,356.01
Feb-26-2008,362.86
Feb-27-2008,367.26
Feb-28-2008,357.82
Feb-29-2008,348.05
Mar-03-2008,345.5
Mar-04-2008,348.29
Mar-05-2008,351.83
Mar-06-2008,342.56
Mar-07-2008,344.62
Mar-10-2008,339.73
Mar-11-2008,350.54
Mar-12-2008,345.13
Mar-13-2008,349.12
Mar-14-2008,338.58
Mar-17-2008,337.07
Mar-18-2008,349.96
Mar-19-2008,334.93
Mar-20-2008,339.89
Mar-24-2008,352.5
Mar-25-2008,352.72
Mar-26-2008,347.74
Mar-27-2008,342.74
Mar-28-2008,339.28
Mar-31-2008,343.94
Apr-01-2008,358.46
Apr-02-2008,361.22
Apr-03-2008,370.49
Apr-04-2008,369.07
Apr-07-2008,369.55
Apr-08-2008,359.3
Apr-09-2008,364.84
Apr-10-2008,371.36
Apr-11-2008,358.68
Apr-14-2008,352.56
Apr-15-2008,351.84
Apr-16-2008,371.02
Apr-17-2008,368.28
Apr-18-2008,377.33
Apr-21-2008,383.08
Apr-22-2008,370.58
Apr-23-2008,385.83
Apr-24-2008,391.43
Apr-25-2008,391.17
Apr-28-2008,390.3
Apr-29-2008,391.04
Apr-30-2008,385.16
May-01-2008,400.29
May-02-2008,399.85
May-05-2008,396.86
May-06-2008,403.01
May-07-2008,397.51
May-08-2008,399.76
May-09-2008,398.5
May-12-2008,403.12
May-13-2008,406.31
May-14-2008,411.29
May-15-2008,419.72
May-16-2008,421.67
May-19-2008,418.35
May-20-2008,406.64
May-21-2008,401.57
May-22-2008,404.48
May-23-2008,400.39
May-27-2008,407.19
May-28-2008,408.5
May-29-2008,406.84
May-30-2008,415.2
Jun-02-2008,409.31
Jun-03-2008,407.8
Jun-04-2008,413.18
Jun-05-2008,417.53
Jun-06-2008,405.48
Jun-09-2008,402.09
Jun-10-2008,395.26
Jun-11-2008,381.68
Jun-12-2008,383.59
Jun-13-2008,393.81
Jun-16-2008,399.74
Jun-17-2008,393.61
Jun-18-2008,384.47
Jun-19-2008,394.27
Jun-20-2008,383.11
Jun-23-2008,378.71
Jun-24-2008,380.32
Jun-25-2008,387.44
Jun-26-2008,370
Jun-27-2008,369.09
Jun-30-2008,368.16
Jul-01-2008,366.04
Jul-02-2008,358.01
Jul-03-2008,354.62
Jul-07-2008,356.84
Jul-08-2008,360.01
Jul-09-2008,344.5
Jul-10-2008,349.18
Jul-11-2008,345.69
Jul-14-2008,343
Jul-15-2008,347.4
Jul-16-2008,360.08
Jul-17-2008,368.36
Jul-18-2008,365.87
Jul-21-2008,361.89
Jul-22-2008,345.45
Jul-23-2008,350.38
Jul-24-2008,335.59
Jul-25-2008,337.63
Jul-28-2008,331.32
Jul-29-2008,339.12
Jul-30-2008,341.91
Jul-31-2008,340.86
Aug-01-2008,338.18
Aug-04-2008,339.7
Aug-05-2008,350.33
Aug-06-2008,354.2
Aug-07-2008,359.65
Aug-08-2008,367.19
Aug-11-2008,374.14
Aug-12-2008,375.28
Aug-13-2008,373.09
Aug-14-2008,377.09
Aug-15-2008,376.43
Aug-18-2008,369.94
Aug-19-2008,361.57
Aug-20-2008,362.67
Aug-21-2008,361.45
Aug-22-2008,366.2
Aug-25-2008,360.5
Aug-26-2008,356.98
Aug-27-2008,358.81
Aug-28-2008,362.83
Aug-29-2008,352.82
Sep-02-2008,350.37
Sep-03-2008,335.54
Sep-04-2008,324.08
Sep-05-2008,331.29
Sep-08-2008,330.84
Sep-09-2008,319.3
Sep-10-2008,321.94
Sep-11-2008,323.89
Sep-12-2008,322.13
Sep-15-2008,311.76
Sep-16-2008,316.36
Sep-17-2008,312.07
Sep-18-2008,327.71
Sep-19-2008,333.91
Sep-22-2008,318.52
Sep-23-2008,312.67
Sep-24-2008,315.94
Sep-25-2008,319.89
Sep-26-2008,321.62
Sep-29-2008,293.31
Sep-30-2008,306.89
Oct-01-2008,303.23
Oct-02-2008,288.55
Oct-03-2008,284.74
Oct-06-2008,274.77
Oct-07-2008,257.96
Oct-08-2008,256.17
Oct-09-2008,248.43
Oct-10-2008,246.11
Oct-13-2008,269.91
Oct-14-2008,256.4
Oct-15-2008,233.59
Oct-16-2008,243.89
Oct-17-2008,239.13
Oct-20-2008,243.92
Oct-21-2008,234.09
Oct-22-2008,219.7
Oct-23-2008,216.72
Oct-24-2008,212.33
Oct-27-2008,212.57
Oct-28-2008,232.41
Oct-29-2008,225.94
Oct-30-2008,235.06
Oct-31-2008,239.47
Nov-03-2008,237.1
Nov-04-2008,247.71
Nov-05-2008,236.25
Nov-06-2008,219.44
Nov-07-2008,223.19
Nov-10-2008,214.48
Nov-11-2008,211.43
Nov-12-2008,200.79
Nov-13-2008,215.15
Nov-14-2008,201.39
Nov-17-2008,195.72
Nov-18-2008,191.89
Nov-19-2008,177.1
Nov-20-2008,171.32
Nov-21-2008,180.22
Nov-24-2008,191.2
Nov-25-2008,187.02
Nov-26-2008,201.3
Nov-28-2008,198.24
Dec-01-2008,183.24
Dec-02-2008,185.69
Dec-03-2008,198.07
Dec-04-2008,186.64
Dec-05-2008,192.56
Dec-08-2008,196.15
Dec-09-2008,205.65
Dec-10-2008,208.57
Dec-11-2008,203.37
Dec-12-2008,212.94
Dec-15-2008,209.22
Dec-16-2008,221.51
Dec-17-2008,221.16
Dec-18-2008,208.95
Dec-19-2008,211.84
Dec-22-2008,206.66
Dec-23-2008,200.87
Dec-24-2008,202.89
Dec-26-2008,202
Dec-29-2008,201.95
Dec-30-2008,211.26
Dec-31-2008,212.17
Jan-02-2009,221.91
Jan-05-2009,223.29
Jan-06-2009,234.56
Jan-07-2009,223.12
Jan-08-2009,222.54
Jan-09-2009,215.28
Jan-12-2009,209.09
Jan-13-2009,210.79
Jan-14-2009,202.01
Jan-15-2009,207.07
Jan-16-2009,214.42
Jan-20-2009,199.07
Jan-21-2009,205.18
Jan-22-2009,199.99
Jan-23-2009,208.28
Jan-26-2009,209.89
Jan-27-2009,217.28
Jan-28-2009,222.59
Jan-29-2009,212.33
Jan-30-2009,208.26
Feb-02-2009,210.52
Feb-03-2009,210.83
Feb-04-2009,212.75
Feb-05-2009,221.31
Feb-06-2009,229.18
Feb-09-2009,227.81
Feb-10-2009,217.33
Feb-11-2009,215.11
Feb-12-2009,217.9
Feb-13-2009,220.55
Feb-17-2009,205.87
Feb-18-2009,206.86
Feb-19-2009,196.09
Feb-20-2009,197.28
Feb-23-2009,189.11
Feb-24-2009,199.1
Feb-25-2009,205.07
Feb-26-2009,201.47
Feb-27-2009,199
Mar-02-2009,188.97
Mar-03-2009,191.49
Mar-04-2009,200.27
Mar-05-2009,197.25
Mar-06-2009,195.01
Mar-09-2009,190.47
Mar-10-2009,205.84
Mar-11-2009,210.02
Mar-12-2009,217.37
Mar-13-2009,220.11
Mar-16-2009,212.16
Mar-17-2009,220.91
Mar-18-2009,228.52
Mar-19-2009,226.61
Mar-20-2009,218.71
Mar-23-2009,234.45
Mar-24-2009,228.81
Mar-25-2009,231.49
Mar-26-2009,245.17
Mar-27-2009,240.07
Mar-30-2009,229.45
Mar-31-2009,230.91
Apr-01-2009,233.87
Apr-02-2009,243.88
Apr-03-2009,251.04
Apr-06-2009,245.38
Apr-07-2009,235.9
Apr-08-2009,242.71
Apr-09-2009,254.41
Apr-13-2009,250.6
Apr-14-2009,250
Apr-15-2009,246.23
Apr-16-2009,254.5
Apr-17-2009,254.81
Apr-20-2009,240.19
Apr-21-2009,240.66
Apr-22-2009,251.08
Apr-23-2009,249.36
Apr-24-2009,253.65
Apr-27-2009,250.8
Apr-28-2009,246.67
Apr-29-2009,251.55
Apr-30-2009,258.54
May-01-2009,258.19
May-04-2009,272.31
May-05-2009,268.7
May-06-2009,270.61
May-07-2009,254.55
May-08-2009,249.65
May-11-2009,248.86
May-12-2009,242.53
May-13-2009,236.8
May-14-2009,244.38
May-15-2009,242.28
May-18-2009,251.28
May-19-2009,256.33
May-20-2009,256.99
May-21-2009,250.4
May-22-2009,250.46
May-26-2009,259.82
May-27-2009,263.94
May-28-2009,268.65
May-29-2009,271.31
Jun-01-2009,285.71
Jun-02-2009,276.29
Jun-03-2009,270.18
Jun-04-2009,275.99
Jun-05-2009,270.74
Jun-08-2009,270.59
Jun-09-2009,282.64
Jun-10-2009,283.2
Jun-11-2009,279.74
Jun-12-2009,274.79
Jun-15-2009,270.5
Jun-16-2009,263.71
Jun-17-2009,266.16
Jun-18-2009,261.27
Jun-19-2009,264.47
Jun-22-2009,254.6
Jun-23-2009,253.66
Jun-24-2009,258.08
Jun-25-2009,263.26
Jun-26-2009,263.05
Jun-29-2009,262.92
Jun-30-2009,263.15
Jul-01-2009,267.02
Jul-02-2009,263.81
Jul-06-2009,260.24
Jul-07-2009,252.73
Jul-08-2009,250.94
Jul-09-2009,257.95
Jul-10-2009,259.04
Jul-13-2009,265.29
Jul-14-2009,269.61
Jul-15-2009,281.56
Jul-16-2009,287
Jul-17-2009,290.49
Jul-20-2009,294.13
Jul-21-2009,293.97
Jul-22-2009,301.77
Jul-23-2009,304.72
Jul-24-2009,300.88
Jul-27-2009,302.64
Jul-28-2009,303.25
Jul-29-2009,300.65
Jul-30-2009,301.05
Jul-31-2009,301.74
Aug-03-2009,307.02
Aug-04-2009,307.22
Aug-05-2009,303.86
Aug-06-2009,299.84
Aug-07-2009,298.53
Aug-10-2009,294.95
Aug-11-2009,290.74
Aug-12-2009,295.88
Aug-13-2009,302.36
Aug-14-2009,294.65
Aug-17-2009,285.92
Aug-18-2009,291.67
Aug-19-2009,293.42
Aug-20-2009,296.41
Aug-21-2009,301.3
Aug-24-2009,298.95
Aug-25-2009,300.53
Aug-26-2009,302.99
Aug-27-2009,303.76
Aug-28-2009,311.18
Aug-31-2009,306.18
Sep-01-2009,298.64
Sep-02-2009,297.4
Sep-03-2009,301.65
Sep-04-2009,309.74
Sep-08-2009,316.72
Sep-09-2009,320.13
Sep-10-2009,325.82
Sep-11-2009,321.24
Sep-14-2009,322.7
Sep-15-2009,325.48
Sep-16-2009,326.84
Sep-17-2009,321.33
Sep-18-2009,326.48
Sep-21-2009,326.4
Sep-22-2009,329.33
Sep-23-2009,331.05
Sep-24-2009,323.04
Sep-25-2009,321.05
Sep-28-2009,327.67
Sep-29-2009,323
Sep-30-2009,325.75
Oct-01-2009,309.97
Oct-02-2009,306.59
Oct-05-2009,313.09
Oct-06-2009,319.58
Oct-07-2009,317.64
Oct-08-2009,316.06
Oct-09-2009,326.44
Oct-12-2009,331.01
Oct-13-2009,330
Oct-14-2009,334.51
Oct-15-2009,329.78
Oct-16-2009,322.83
Oct-19-2009,327.61
Oct-20-2009,326.87
Oct-21-2009,322.67
Oct-22-2009,326.84
Oct-23-2009,316.41
Oct-26-2009,317.44
Oct-27-2009,309.44
Oct-28-2009,300.78
Oct-29-2009,307.26
Oct-30-2009,296.61
Nov-02-2009,297.37
Nov-03-2009,293.48
Nov-04-2009,295.31
Nov-05-2009,302.96
Nov-06-2009,301.76
Nov-09-2009,311.26
Nov-10-2009,311.52
Nov-11-2009,315.76
Nov-12-2009,314
Nov-13-2009,317.5
Nov-16-2009,323.83
Nov-17-2009,324.3
Nov-18-2009,321.53
Nov-19-2009,310.5
Nov-20-2009,307.97
Nov-23-2009,311.52
Nov-24-2009,312.5
Nov-25-2009,315.09
Nov-27-2009,309.82
Nov-30-2009,310.05
Dec-01-2009,319.54
Dec-02-2009,324.69
Dec-03-2009,328.44
Dec-04-2009,335.21
Dec-07-2009,336.72
Dec-08-2009,336.96
Dec-09-2009,339.09
Dec-10-2009,338.61
Dec-11-2009,335.24
Dec-14-2009,340.28
Dec-15-2009,338.97
Dec-16-2009,344.86
Dec-17-2009,339.82
Dec-18-2009,344.83
Dec-21-2009,352.65
Dec-22-2009,354.72
Dec-23-2009,355.37
Dec-24-2009,361.06
Dec-28-2009,357.64
Dec-29-2009,356.18
Dec-30-2009,361.39
Dec-31-2009,359.91
Jan-04-2010,366.08
Jan-05-2010,366.42
Jan-06-2010,366.34
Jan-07-2010,362.3
Jan-08-2010,367.68
Jan-11-2010,366.62
Jan-12-2010,353.45
Jan-13-2010,359.09
Jan-14-2010,356.96
Jan-15-2010,344.67
Jan-19-2010,350.84
Jan-20-2010,349.8
Jan-21-2010,347.91
Jan-22-2010,329.49
Jan-25-2010,334.18
Jan-26-2010,333.52
Jan-27-2010,337.45
Jan-28-2010,327.25
Jan-29-2010,316.07
Feb-01-2010,325.72
Feb-02-2010,328.7
Feb-03-2010,327.75
Feb-04-2010,312.53
Feb-05-2010,320.01
Feb-08-2010,318.86
Feb-09-2010,323.41
Feb-10-2010,323.4
Feb-11-2010,331.04
Feb-12-2010,332.84
Feb-16-2010,340.96
Feb-17-2010,341.54
Feb-18-2010,342.52
Feb-19-2010,343.54
Feb-22-2010,342.55
Feb-23-2010,332.87
Feb-24-2010,339.27
Feb-25-2010,338.39
Feb-26-2010,338.86
Mar-01-2010,349.48
Mar-02-2010,349.39
Mar-03-2010,346.37
Mar-04-2010,346.55
Mar-05-2010,351.53
Mar-08-2010,351.21
Mar-09-2010,350.47
Mar-10-2010,358.04
Mar-11-2010,357.16
Mar-12-2010,355.37
Mar-15-2010,350.43
Mar-16-2010,359.87
Mar-17-2010,364.06
Mar-18-2010,361.64
Mar-19-2010,355.67
Mar-22-2010,364.25
Mar-23-2010,372.47
Mar-24-2010,365.37
Mar-25-2010,364.83
Mar-26-2010,362.89
Mar-29-2010,366.37
Mar-30-2010,368.9
Mar-31-2010,366.57
Apr-01-2010,366.93
Apr-05-2010,377.86
Apr-06-2010,375.52
Apr-07-2010,376.89
Apr-08-2010,371.47
Apr-09-2010,375.76
Apr-12-2010,378.97
Apr-13-2010,381.33
Apr-14-2010,397.73
Apr-15-2010,398.86
Apr-16-2010,393.75
Apr-19-2010,389.66
Apr-20-2010,395.71
Apr-21-2010,391.42
Apr-22-2010,398.94
Apr-23-2010,400.42
Apr-26-2010,400.81
Apr-27-2010,386.78
Apr-28-2010,388.63
Apr-29-2010,393.97
Apr-30-2010,376.07
May-03-2010,385.97
May-04-2010,368.48
May-05-2010,364.54
May-06-2010,352.54
May-07-2010,346.75
May-10-2010,367.48
May-11-2010,364.73
May-12-2010,375.08
May-13-2010,364.96
May-14-2010,353.86
May-17-2010,359.39
May-18-2010,348.85
May-19-2010,350.84
May-20-2010,340.6
May-21-2010,349.11
May-24-2010,342.54
May-25-2010,344.51
May-26-2010,343.78
May-27-2010,361.55
May-28-2010,355.66
Jun-01-2010,347.61
Jun-02-2010,360.2
Jun-03-2010,364.45
Jun-04-2010,348.48
Jun-07-2010,335.84
Jun-08-2010,334.58
Jun-09-2010,332.06
Jun-10-2010,344.69
Jun-11-2010,349.53
Jun-14-2010,351.97
Jun-15-2010,371.47
Jun-16-2010,373.09
Jun-17-2010,372.39
Jun-18-2010,371.21
Jun-21-2010,368.04
Jun-22-2010,361.39
Jun-23-2010,362.88
Jun-24-2010,352.22
Jun-25-2010,352.09
Jun-28-2010,354.11
Jun-29-2010,337.67
Jun-30-2010,332.3
Jul-01-2010,333.11
Jul-02-2010,331.6
Jul-06-2010,331.15
Jul-07-2010,347.87
Jul-08-2010,347.62
Jul-09-2010,351.36
Jul-12-2010,355.33
Jul-13-2010,362.83
Jul-14-2010,361.86
Jul-15-2010,361.09
Jul-16-2010,349.16
Jul-19-2010,357.94
Jul-20-2010,358.13
Jul-21-2010,351.13
Jul-22-2010,362.66
Jul-23-2010,364.53
Jul-26-2010,369.5
Jul-27-2010,366.08
Jul-28-2010,359.47
Jul-29-2010,352.52
Jul-30-2010,348.81
Aug-02-2010,354.94
Aug-03-2010,351.25
Aug-04-2010,354.71
Aug-05-2010,352.44
Aug-06-2010,351.75
Aug-09-2010,354.05
Aug-10-2010,344.74
Aug-11-2010,330.06
Aug-12-2010,325.75
Aug-13-2010,322.74
Aug-16-2010,324.26
Aug-17-2010,328.6
Aug-18-2010,332.1
Aug-19-2010,326.42
Aug-20-2010,327.88
Aug-23-2010,323.78
Aug-24-2010,318.41
Aug-25-2010,321.5
Aug-26-2010,315.23
Aug-27-2010,321.76
Aug-30-2010,313.58
Aug-31-2010,307.49
Sep-01-2010,316.75
Sep-02-2010,323.32
Sep-03-2010,328.71
Sep-07-2010,322.31
Sep-08-2010,320.9
Sep-09-2010,321.08
Sep-10-2010,316.57
Sep-13-2010,327.17
Sep-14-2010,332.76
Sep-15-2010,331.64
Sep-16-2010,334.24
Sep-17-2010,334.35
Sep-20-2010,336.12
Sep-21-2010,335.29
Sep-22-2010,330.45
Sep-23-2010,332.83
Sep-24-2010,346.14
Sep-27-2010,343.8
Sep-28-2010,349.46
Sep-29-2010,351.79
Sep-30-2010,349.24
Oct-01-2010,348.06
Oct-04-2010,343.12
Oct-05-2010,350.91
Oct-06-2010,345.34
Oct-07-2010,346.83
Oct-08-2010,350.15
Oct-11-2010,352.67
Oct-12-2010,355.32
Oct-13-2010,355.66
Oct-14-2010,354.83
Oct-15-2010,357.12
Oct-18-2010,354.57
Oct-19-2010,349.62
Oct-20-2010,351.78
Oct-21-2010,349.86
Oct-22-2010,356.94
Oct-25-2010,360.78
Oct-26-2010,359.36
Oct-27-2010,370.45
Oct-28-2010,370.34
Oct-29-2010,372.64
Nov-01-2010,371.45
Nov-02-2010,374.19
Nov-03-2010,377.81
Nov-04-2010,389.75
Nov-05-2010,392.02
Nov-08-2010,391.88
Nov-09-2010,387.32
Nov-10-2010,387.34
Nov-11-2010,382.49
Nov-12-2010,382.61
Nov-15-2010,379.57
Nov-16-2010,374.07
Nov-17-2010,373.85
Nov-18-2010,380.96
Nov-19-2010,387.09
Nov-22-2010,391.33
Nov-23-2010,388.27
Nov-24-2010,398.71
Nov-26-2010,396.03
Nov-29-2010,395.15
Nov-30-2010,390.12
Dec-01-2010,403.07
Dec-02-2010,410.56
Dec-03-2010,412.43
Dec-06-2010,411.77
Dec-07-2010,411.51
Dec-08-2010,415.43
Dec-09-2010,416.4
Dec-10-2010,416.69
Dec-13-2010,413.2
Dec-14-2010,410.67
Dec-15-2010,406.03
Dec-16-2010,408.71
Dec-17-2010,411.44
Dec-20-2010,410.24
Dec-21-2010,412.96
Dec-22-2010,413.09
Dec-23-2010,411.78
Dec-27-2010,412.27
Dec-28-2010,410.66
Dec-29-2010,411.2
Dec-30-2010,412.3
Dec-31-2010,411.82
Jan-03-2011,415.05
Jan-04-2011,415.58
Jan-05-2011,417.09
Jan-06-2011,424.77
Jan-07-2011,425.76
Jan-10-2011,430.17
Jan-11-2011,431.52
Jan-12-2011,440.01
Jan-13-2011,439.82
Jan-14-2011,451.59
Jan-18-2011,449.93
Jan-19-2011,439.33
Jan-20-2011,434.77
Jan-21-2011,431.65
Jan-24-2011,442.42
Jan-25-2011,439.12
Jan-26-2011,442.94
Jan-27-2011,451.28
Jan-28-2011,438.61
Jan-31-2011,440.51
Feb-01-2011,451.83
Feb-02-2011,453.91
Feb-03-2011,453.66
Feb-04-2011,463.11
Feb-07-2011,461.25
Feb-08-2011,460.9
Feb-09-2011,457.6
Feb-10-2011,459.25
Feb-11-2011,462.82
Feb-14-2011,466.4
Feb-15-2011,461.38
Feb-16-2011,466.56
Feb-17-2011,473.22
Feb-18-2011,471.46
Feb-22-2011,452.81
Feb-23-2011,444.27
Feb-24-2011,451.9
Feb-25-2011,463.69
Feb-28-2011,458.62
Mar-01-2011,449.78
Mar-02-2011,456.09
Mar-03-2011,464.77
Mar-04-2011,459.82
Mar-07-2011,447.35
Mar-08-2011,447.94
Mar-09-2011,434.35
Mar-10-2011,423.73
Mar-11-2011,427.91
Mar-14-2011,427.17
Mar-15-2011,421.79
Mar-16-2011,412.44
Mar-17-2011,417.97
Mar-18-2011,419.2
Mar-21-2011,426.79
Mar-22-2011,422.91
Mar-23-2011,426.94
Mar-24-2011,437.41
Mar-25-2011,436.27
Mar-28-2011,436.75
Mar-29-2011,441.04
Mar-30-2011,441.38
Mar-31-2011,437.36
Apr-01-2011,432.85
Apr-04-2011,429.05
Apr-05-2011,438.78
Apr-06-2011,445.5
Apr-07-2011,443.25
Apr-08-2011,439.58
Apr-11-2011,435.88
Apr-12-2011,426.78
Apr-13-2011,427.89
Apr-14-2011,428.41
Apr-15-2011,431.23
Apr-18-2011,423.44
Apr-19-2011,425.26
Apr-20-2011,443.42
Apr-21-2011,443.2
Apr-25-2011,443.41
Apr-26-2011,450.48
Apr-27-2011,450.64
Apr-28-2011,447.54
Apr-29-2011,449.56
May-02-2011,445.06
May-03-2011,439.43
May-04-2011,439.7
May-05-2011,440.35
May-06-2011,443.66
May-09-2011,442.36
May-10-2011,444.59
May-11-2011,440.89
May-12-2011,447.13
May-13-2011,440.95
May-16-2011,434.69
May-17-2011,429.48
May-18-2011,437.59
May-19-2011,433.87
May-20-2011,432.56
May-23-2011,423.34
May-24-2011,420.21
May-25-2011,424.21
May-26-2011,428.24
May-27-2011,433.09
May-31-2011,439.6
Jun-01-2011,426.28
Jun-02-2011,426.42
Jun-03-2011,418.52
Jun-06-2011,415.34
Jun-07-2011,417.64
Jun-08-2011,408.94
Jun-09-2011,409.62
Jun-10-2011,402.8
Jun-13-2011,399.08
Jun-14-2011,406.75
Jun-15-2011,398.44
Jun-16-2011,393.87
Jun-17-2011,388.21
Jun-20-2011,388.73
Jun-21-2011,398.61
Jun-22-2011,396.73
Jun-23-2011,402.56
Jun-24-2011,392.5
Jun-27-2011,395.27
Jun-28-2011,400.52
Jun-29-2011,400.17
Jun-30-2011,410.35
Jul-01-2011,419.11
Jul-05-2011,414.94
Jul-06-2011,411.79
Jul-07-2011,420.4
Jul-08-2011,413.8
Jul-11-2011,406.73
Jul-12-2011,394.96
Jul-13-2011,393.87
Jul-14-2011,387.76
Jul-15-2011,390.07
Jul-18-2011,384.63
Jul-19-2011,397.41
Jul-20-2011,395.11
Jul-21-2011,398.88
Jul-22-2011,408.56
Jul-25-2011,403.08
Jul-26-2011,406.47
Jul-27-2011,391.13
Jul-28-2011,390.53
Jul-29-2011,386.94
Aug-01-2011,386.93
Aug-02-2011,375.17
Aug-03-2011,379.39
Aug-04-2011,357.32
Aug-05-2011,350.22
Aug-08-2011,331.33
Aug-09-2011,346.69
Aug-10-2011,339.54
Aug-11-2011,357.12
Aug-12-2011,355.62
Aug-15-2011,362.65
Aug-16-2011,355.41
Aug-17-2011,353.1
Aug-18-2011,332.23
Aug-19-2011,326.32
Aug-22-2011,328.94
Aug-23-2011,346.09
Aug-24-2011,345.69
Aug-25-2011,336.33
Aug-26-2011,345.78
Aug-29-2011,358.44
Aug-30-2011,358.23
Aug-31-2011,355.79
Sep-01-2011,349.85
Sep-02-2011,341.46
Sep-06-2011,339.09
Sep-07-2011,354.26
Sep-08-2011,352.15
Sep-09-2011,348.4
Sep-12-2011,358.96
Sep-13-2011,366.17
Sep-14-2011,375.73
Sep-15-2011,381.09
Sep-16-2011,381.91
Sep-19-2011,377.49
Sep-20-2011,372.76
Sep-21-2011,365.37
Sep-22-2011,352.78
Sep-23-2011,359.95
Sep-26-2011,359.5
Sep-27-2011,366.01
Sep-28-2011,355.36
Sep-29-2011,350.82
Sep-30-2011,338.82
Oct-03-2011,326.37
Oct-04-2011,340.23
Oct-05-2011,350.78
Oct-06-2011,355.17
Oct-07-2011,356.73
Oct-10-2011,366.79
Oct-11-2011,365.7
Oct-12-2011,369.18
Oct-13-2011,376.6
Oct-14-2011,380.86
Oct-17-2011,370.31
Oct-18-2011,378.66
Oct-19-2011,370.16
Oct-20-2011,363.88
Oct-21-2011,372.1
Oct-24-2011,384.65
Oct-25-2011,377.46
Oct-26-2011,379.48
Oct-27-2011,395.74
Oct-28-2011,396.33
Oct-31-2011,386.49
Nov-01-2011,374.05
Nov-02-2011,375.88
Nov-03-2011,387.15
Nov-04-2011,391.48
Nov-07-2011,390.87
Nov-08-2011,393.22
Nov-09-2011,375.04
Nov-10-2011,378.23
Nov-11-2011,391.6
Nov-14-2011,386.56
Nov-15-2011,392.23
Nov-16-2011,389.92
Nov-17-2011,374.35
Nov-18-2011,371.25
Nov-21-2011,364.2
Nov-22-2011,359.66
Nov-23-2011,348.17
Nov-25-2011,344.14
Nov-28-2011,355.17
Nov-29-2011,352.62
Nov-30-2011,373.32
Dec-01-2011,375.31
Dec-02-2011,374.57
Dec-05-2011,378.12
Dec-06-2011,377.41
Dec-07-2011,381.85
Dec-08-2011,371.13
Dec-09-2011,375.67
Dec-12-2011,365.15
Dec-13-2011,356.53
Dec-14-2011,350.73
Dec-15-2011,350.04
Dec-16-2011,352.86
Dec-19-2011,343.36
Dec-20-2011,358.73
Dec-21-2011,354.45
Dec-22-2011,366.81
Dec-23-2011,368.6
Dec-27-2011,368.01
Dec-28-2011,362.59
Dec-29-2011,365.93
Dec-30-2011,364.44
Jan-03-2012,368.6
Jan-04-2012,368.66
Jan-05-2012,374.17
Jan-06-2012,375.22
Jan-09-2012,382.59
Jan-10-2012,386.28
Jan-11-2012,387.89
Jan-12-2012,391.75
Jan-13-2012,383.47
Jan-17-2012,385.22
Jan-18-2012,404.6
Jan-19-2012,412.11
Jan-20-2012,414.34
Jan-23-2012,413.09
Jan-24-2012,414.54
Jan-25-2012,416.45
Jan-26-2012,411.94
Jan-27-2012,413.34
Jan-30-2012,408.74
Jan-31-2012,408.94
Feb-01-2012,418.74
Feb-02-2012,420.56
Feb-03-2012,427.99
Feb-06-2012,421.87
Feb-07-2012,422.3
Feb-08-2012,427.59
Feb-09-2012,428.98
Feb-10-2012,420.15
Feb-13-2012,421.73
Feb-14-2012,423.46
Feb-15-2012,425.48
Feb-16-2012,435.88
Feb-17-2012,432.04
Feb-21-2012,426
Feb-22-2012,424.06
Feb-23-2012,424.67
Feb-24-2012,423.79
Feb-27-2012,424.25
Feb-28-2012,430.99
Feb-29-2012,424.17
Mar-01-2012,424.78
Mar-02-2012,420.35
Mar-05-2012,409.65
Mar-06-2012,405.95
Mar-07-2012,412.24
Mar-08-2012,418.35
Mar-09-2012,422.85
Mar-12-2012,418.57
Mar-13-2012,428.2
Mar-14-2012,426.65
Mar-15-2012,434.99
Mar-16-2012,435.41
Mar-19-2012,438.69
Mar-20-2012,435.54
Mar-21-2012,437.19
Mar-22-2012,434.54
Mar-23-2012,435.68
Mar-26-2012,441.88
Mar-27-2012,441.6
Mar-28-2012,436.1
Mar-29-2012,436.85
Mar-30-2012,438.64
Apr-02-2012,438.44
Apr-03-2012,431.5
Apr-04-2012,421.9
Apr-05-2012,423.2
Apr-09-2012,417.08
Apr-10-2012,409.65
Apr-11-2012,416.42
Apr-12-2012,424.16
Apr-13-2012,416.43
Apr-16-2012,416.7
Apr-17-2012,423.2
Apr-18-2012,419.51
Apr-19-2012,415.03
Apr-20-2012,405.17
Apr-23-2012,400.15
Apr-24-2012,397.1
Apr-25-2012,406.4
Apr-26-2012,415.2
Apr-27-2012,415.91
Apr-30-2012,413.39
May-01-2012,414.87
May-02-2012,416.81
May-03-2012,406.49
May-04-2012,397.94
May-07-2012,396.92
May-08-2012,394.36
May-09-2012,393.15
May-10-2012,391.74
May-11-2012,394.6
May-14-2012,390.31
May-15-2012,386.29
May-16-2012,379.82
May-17-2012,371.45
May-18-2012,364.48
May-21-2012,373.85
May-22-2012,370.98
May-23-2012,372.33
May-24-2012,367.07
May-25-2012,372.11
May-29-2012,379.66
May-30-2012,372.2
May-31-2012,368.37
Jun-01-2012,353.17
Jun-04-2012,352.69
Jun-05-2012,360.5
Jun-06-2012,372.57
Jun-07-2012,367.47
Jun-08-2012,372.73
Jun-11-2012,365.69
Jun-12-2012,373.74
Jun-13-2012,369.79
Jun-14-2012,369.15
Jun-15-2012,375.15
Jun-18-2012,380.55
Jun-19-2012,384.94
Jun-20-2012,388.59
Jun-21-2012,372.71
Jun-22-2012,378.65
Jun-25-2012,365.55
Jun-26-2012,366.87
Jun-27-2012,371.71
Jun-28-2012,369.38
Jun-29-2012,385.46
Jul-02-2012,384.79
Jul-03-2012,390.3
Jul-05-2012,385.68
Jul-06-2012,376.04
Jul-09-2012,371.47
Jul-10-2012,363.01
Jul-11-2012,359.67
Jul-12-2012,353.69
Jul-13-2012,357.01
Jul-16-2012,353.15
Jul-17-2012,351.45
Jul-18-2012,363.91
Jul-19-2012,371.34
Jul-20-2012,365.01
Jul-23-2012,361.66
Jul-24-2012,360.23
Jul-25-2012,367.13
Jul-26-2012,375.54
Jul-27-2012,384.23
Jul-30-2012,380.61
Jul-31-2012,383.72
Aug-01-2012,383.83
Aug-02-2012,381.48
Aug-03-2012,390.1
Aug-06-2012,392.08
Aug-07-2012,400.06
Aug-08-2012,401.15
Aug-09-2012,403.98
Aug-10-2012,405.96
Aug-13-2012,402.41
Aug-14-2012,399.12
Aug-15-2012,401.48
Aug-16-2012,408.26
Aug-17-2012,405.14
Aug-20-2012,402.29
Aug-21-2012,402.3
Aug-22-2012,399.17
Aug-23-2012,396.66
Aug-24-2012,398.95
Aug-27-2012,397.48
Aug-28-2012,397.04
Aug-29-2012,397.42
Aug-30-2012,390.7
Aug-31-2012,396.18
Sep-04-2012,392.82
Sep-05-2012,390.27
Sep-06-2012,404.54
Sep-07-2012,401.23
Sep-10-2012,394.26
Sep-11-2012,396.74
Sep-12-2012,397.95
Sep-13-2012,401.79
Sep-14-2012,406.58
Sep-17-2012,402.48
Sep-18-2012,400.78
Sep-19-2012,398.53
Sep-20-2012,394.63
Sep-21-2012,395.16
Sep-24-2012,389
Sep-25-2012,379.38
Sep-26-2012,376.97
Sep-27-2012,385.46
Sep-28-2012,382.27
Oct-01-2012,381.12
Oct-02-2012,382.96
Oct-03-2012,381.17
Oct-04-2012,383.65
Oct-05-2012,383.28
Oct-08-2012,379.13
Oct-09-2012,373.11
Oct-10-2012,368.03
Oct-11-2012,368.66
Oct-12-2012,366.71
Oct-15-2012,372.14
Oct-16-2012,380.26
Oct-17-2012,379.41
Oct-18-2012,376.28
Oct-19-2012,364.92
Oct-22-2012,365.51
Oct-23-2012,366.05
Oct-24-2012,360.52
Oct-25-2012,365.48
Oct-26-2012,367.28
Oct-31-2012,367.03
Nov-01-2012,379.5
Nov-02-2012,372.31
Nov-05-2012,378.38
Nov-06-2012,383.62
Nov-07-2012,373.27
Nov-08-2012,368.8
Nov-09-2012,369.7
Nov-12-2012,370.02
Nov-13-2012,366.46
Nov-14-2012,360.94
Nov-15-2012,356.14
Nov-16-2012,356
Nov-19-2012,363.14
Nov-20-2012,361.81
Nov-21-2012,362.51
Nov-23-2012,369.16
Nov-26-2012,370.63
Nov-27-2012,369.81
Nov-28-2012,373.83
Nov-29-2012,374.83
Nov-30-2012,374.35
Dec-03-2012,372.54
Dec-04-2012,375.03
Dec-05-2012,374.46
Dec-06-2012,378.63
Dec-07-2012,379.46
Dec-10-2012,381.83
Dec-11-2012,389
Dec-12-2012,387.74
Dec-13-2012,383.67
Dec-14-2012,381.03
Dec-17-2012,382.62
Dec-18-2012,388.73
Dec-19-2012,389.47
Dec-20-2012,389.49
Dec-21-2012,385.59
Dec-24-2012,384.14
Dec-26-2012,381.01
Dec-27-2012,379.55
Dec-28-2012,376.87
Dec-31-2012,384.06
Jan-02-2013,399.73
Jan-03-2013,397.54
Jan-04-2013,397.68
Jan-07-2013,395.78
Jan-08-2013,391.36
Jan-09-2013,395.47
Jan-10-2013,400.73
Jan-11-2013,402.86
Jan-14-2013,401.89
Jan-15-2013,399.87
Jan-16-2013,404.46
Jan-17-2013,412.53
Jan-18-2013,410.64
Jan-22-2013,409.6
Jan-23-2013,413.88
Jan-24-2013,410.24
Jan-25-2013,415.44
Jan-28-2013,416.16
Jan-29-2013,413.28
Jan-30-2013,414.1
Jan-31-2013,412.73
Feb-01-2013,420.55
Feb-04-2013,414.18
Feb-05-2013,420.69
Feb-06-2013,421.56
Feb-07-2013,419.26
Feb-08-2013,424.81
Feb-11-2013,425.24
Feb-12-2013,426.28
Feb-13-2013,427.48
Feb-14-2013,431.08
Feb-15-2013,428.5
Feb-19-2013,433.64
Feb-20-2013,423.95
Feb-21-2013,416.27
Feb-22-2013,424.98
Feb-25-2013,416.66
Feb-26-2013,419.89
Feb-27-2013,426.46
Feb-28-2013,426.63
Mar-01-2013,425.09
Mar-04-2013,424.01
Mar-05-2013,432.39
Mar-06-2013,432.96
Mar-07-2013,434.68
Mar-08-2013,435.26
Mar-11-2013,435.85
Mar-12-2013,437.67
Mar-13-2013,439.14
Mar-14-2013,441.53
Mar-15-2013,434.18
Mar-18-2013,428.39
Mar-19-2013,426.73
Mar-20-2013,432.01
Mar-21-2013,425.25
Mar-22-2013,430.08
Mar-25-2013,429.17
Mar-26-2013,433.07
Mar-27-2013,433.53
Mar-28-2013,436.66
Apr-01-2013,427.8
Apr-02-2013,424.21
Apr-03-2013,415.81
Apr-04-2013,421.14
Apr-05-2013,418.93
Apr-08-2013,424.17
Apr-09-2013,428.14
Apr-10-2013,437.34
Apr-11-2013,435.63
Apr-12-2013,433.63
Apr-15-2013,422.67
Apr-16-2013,431.85
Apr-17-2013,417.65
Apr-18-2013,413.88
Apr-19-2013,416.97
Apr-22-2013,421.37
Apr-23-2013,430.21
Apr-24-2013,435.65
Apr-25-2013,439.98
Apr-26-2013,435.29
Apr-29-2013,440.8
Apr-30-2013,444.36
May-01-2013,440.8
May-02-2013,446.89
May-03-2013,450.92
May-06-2013,453.47
May-07-2013,453.62
May-08-2013,459.47
May-09-2013,461.85
May-10-2013,465.94
May-13-2013,461.28
May-14-2013,463.33
May-15-2013,467.82
May-16-2013,464.28
May-17-2013,470.63
May-20-2013,469.12
May-21-2013,469.03
May-22-2013,461.62
May-23-2013,461.75
May-24-2013,461.5
May-28-2013,465.94
May-29-2013,467.29
May-30-2013,474.43
May-31-2013,468.63
Jun-03-2013,470.72
Jun-04-2013,472.45
Jun-05-2013,465.29
Jun-06-2013,464.66
Jun-07-2013,471.47
Jun-10-2013,473.97
Jun-11-2013,463.43
Jun-12-2013,458.33
Jun-13-2013,467.38
Jun-14-2013,465.53
Jun-17-2013,472.34
Jun-18-2013,480.06
Jun-19-2013,474.51
Jun-20-2013,459.72
Jun-21-2013,460.85
Jun-24-2013,451.55
Jun-25-2013,462.51
Jun-26-2013,464.93
Jun-27-2013,466.74
Jun-28-2013,468.43
Jul-01-2013,467.73
Jul-02-2013,468.18
Jul-03-2013,469.8
Jul-05-2013,476.12
Jul-08-2013,466.5
Jul-09-2013,471.41
Jul-10-2013,476.7
Jul-11-2013,486.56
Jul-12-2013,489.61
Jul-15-2013,489.33
Jul-16-2013,491.06
Jul-17-2013,491.58
Jul-18-2013,487.22
Jul-19-2013,486.17
Jul-22-2013,485.15
Jul-23-2013,483.52
Jul-24-2013,474.69
Jul-25-2013,477.4
Jul-26-2013,473.12
Jul-29-2013,469.97
Jul-30-2013,475.59
Jul-31-2013,477.78
Aug-01-2013,486.6
Aug-02-2013,483.38
Aug-05-2013,482.14
Aug-06-2013,478.68
Aug-07-2013,474.12
Aug-08-2013,474.31
Aug-09-2013,471.76
Aug-12-2013,473.62
Aug-13-2013,479.07
Aug-14-2013,471.34
Aug-15-2013,460.84
Aug-16-2013,462.46
Aug-19-2013,459.29
Aug-20-2013,461.83
Aug-21-2013,458.53
Aug-22-2013,463.83
Aug-23-2013,463.82
Aug-26-2013,462.92
Aug-27-2013,451.22
Aug-28-2013,456.39
Aug-29-2013,461.82
Aug-30-2013,457.7
Sep-03-2013,461.64
Sep-04-2013,473.56
Sep-05-2013,477.04
Sep-06-2013,475.1
Sep-09-2013,481.42
Sep-10-2013,490.65
Sep-11-2013,489.04
Sep-12-2013,486.06
Sep-13-2013,488.23
Sep-16-2013,490.35
Sep-17-2013,493.4
Sep-18-2013,497.67
Sep-19-2013,496.09
Sep-20-2013,493.15
Sep-23-2013,491.29
Sep-24-2013,494.73
Sep-25-2013,494.95
Sep-26-2013,494.71
Sep-27-2013,490.81
Sep-30-2013,490.83
Oct-01-2013,495.77
Oct-02-2013,495.1
Oct-03-2013,493.8
Oct-04-2013,497.72
Oct-07-2013,495.09
Oct-08-2013,486.82
Oct-09-2013,485.11
Oct-10-2013,496.48
Oct-11-2013,497.38
Oct-14-2013,500.98
Oct-15-2013,496.5
Oct-16-2013,501.58
Oct-17-2013,505.09
Oct-18-2013,506.44
Oct-21-2013,508.04
Oct-22-2013,507.12
Oct-23-2013,490.11
Oct-24-2013,494.15
Oct-25-2013,496.3
Oct-28-2013,499.49
Oct-29-2013,507.04
Oct-30-2013,504.33
Oct-31-2013,507.09
Nov-01-2013,505.4
Nov-04-2013,504.68
Nov-05-2013,503.13
Nov-06-2013,504.91
Nov-07-2013,495.2
Nov-08-2013,500.98
Nov-11-2013,500.4
Nov-12-2013,503.61
Nov-13-2013,508
Nov-14-2013,505.39
Nov-15-2013,508.94
Nov-18-2013,504.22
Nov-19-2013,497.88
Nov-20-2013,495.63
Nov-21-2013,504.23
Nov-22-2013,504.61
Nov-25-2013,504.01
Nov-26-2013,508.32
Nov-27-2013,510.01
Nov-29-2013,510.25
Dec-02-2013,509.4
Dec-03-2013,511.2
Dec-04-2013,508.77
Dec-05-2013,509.95
Dec-06-2013,515.63
Dec-09-2013,516.81
Dec-10-2013,515.34
Dec-11-2013,510.17
Dec-12-2013,505.84
Dec-13-2013,505.52
Dec-16-2013,512.15
Dec-17-2013,517.18
Dec-18-2013,521.07
Dec-19-2013,517.78
Dec-20-2013,522.09
Dec-23-2013,526.65
Dec-24-2013,528.35
Dec-26-2013,529.83
Dec-27-2013,529.96
Dec-30-2013,531.57
Dec-31-2013,535.03
Jan-02-2014,527.75
Jan-03-2014,526.68
Jan-06-2014,523.77
Jan-07-2014,527.43
Jan-08-2014,535.76
Jan-09-2014,531.49
Jan-10-2014,533.7
Jan-13-2014,527.66
Jan-14-2014,539.61
Jan-15-2014,544.21
Jan-16-2014,541.05
Jan-17-2014,538.14
Jan-21-2014,541.5
Jan-22-2014,547.48
Jan-23-2014,541.49
Jan-24-2014,528.89
Jan-27-2014,525.27
Jan-28-2014,527.54
Jan-29-2014,525.14
Jan-30-2014,531.96
Jan-31-2014,529.19
Feb-03-2014,517.46
Feb-04-2014,518.34
Feb-05-2014,518.46
Feb-06-2014,526.67
Feb-07-2014,535.31
Feb-10-2014,538.04
Feb-11-2014,544.86
Feb-12-2014,549.48
Feb-13-2014,556.02
Feb-14-2014,559.12
Feb-18-2014,560.45
Feb-19-2014,560.02
Feb-20-2014,564.06
Feb-21-2014,561.21
Feb-24-2014,563.37
Feb-25-2014,560.54
Feb-26-2014,564.29
Feb-27-2014,564.22
Feb-28-2014,563.83
Mar-03-2014,560.23
Mar-04-2014,570.13
Mar-05-2014,571.3
Mar-06-2014,575.02
Mar-07-2014,574.39
Mar-10-2014,573.22
Mar-11-2014,570.08
Mar-12-2014,574.92
Mar-13-2014,565.14
Mar-14-2014,562.48
Mar-17-2014,569.5
Mar-18-2014,577.19
Mar-19-2014,576.69
Mar-20-2014,587.63
Mar-21-2014,582.54
Mar-24-2014,579.85
Mar-25-2014,584.33
Mar-26-2014,577.84
Mar-27-2014,573.32
Mar-28-2014,577.48
Mar-31-2014,586.75
Apr-01-2014,595.91
Apr-02-2014,594.94
Apr-03-2014,595.93
Apr-04-2014,579.19
Apr-07-2014,573.91
Apr-08-2014,581.18
Apr-09-2014,587.72
Apr-10-2014,569.15
Apr-11-2014,560.34
Apr-14-2014,565.02
Apr-15-2014,569
Apr-16-2014,567.91
Apr-17-2014,578.41
Apr-21-2014,583.48
Apr-22-2014,589.11
Apr-23-2014,588.43
Apr-24-2014,591.64
Apr-25-2014,572.19
Apr-28-2014,568.55
Apr-29-2014,572.99
Apr-30-2014,575.97
May-01-2014,573.86
May-02-2014,575.49
May-05-2014,575.94
May-06-2014,573.49
May-07-2014,573.99
May-08-2014,577.83
May-09-2014,575.97
May-12-2014,586.48
May-13-2014,581.88
May-14-2014,576.8
May-15-2014,570
May-16-2014,576.02
May-19-2014,582.05
May-20-2014,578.58
May-21-2014,581.81
May-22-2014,584.3
May-23-2014,589.91
May-27-2014,597.08
May-28-2014,597.66
May-29-2014,598.96
May-30-2014,599.59
Jun-02-2014,602.84
Jun-03-2014,608.43
Jun-04-2014,611.14
Jun-05-2014,614.3
Jun-06-2014,617.25
Jun-09-2014,618.44
Jun-10-2014,620.26
Jun-11-2014,623.48
Jun-12-2014,621.35
Jun-13-2014,627.49
Jun-16-2014,630.93
Jun-17-2014,635.5
Jun-18-2014,633.2
Jun-19-2014,633.98
Jun-20-2014,635.42
Jun-23-2014,633.13
Jun-24-2014,628.5
Jun-25-2014,630.87
Jun-26-2014,628.28
Jun-27-2014,629.27
Jun-30-2014,635.93
Jul-01-2014,644.71
Jul-02-2014,645.78
Jul-03-2014,650.55
Jul-07-2014,646.1
Jul-08-2014,642.64
Jul-09-2014,646.56
Jul-10-2014,643.47
Jul-11-2014,643.89
Jul-14-2014,646.12
Jul-15-2014,644.44
Jul-16-2014,651.76
Jul-17-2014,635.33
Jul-18-2014,643.44
Jul-21-2014,645.02
Jul-22-2014,649.35
Jul-23-2014,634.45
Jul-24-2014,629.13
Jul-25-2014,616.65
Jul-28-2014,616
Jul-29-2014,614.43
Jul-30-2014,620.6
Jul-31-2014,607.55
Aug-01-2014,609.76
Aug-04-2014,612.29
Aug-05-2014,605.31
Aug-06-2014,607.71
Aug-07-2014,599.38
Aug-08-2014,606.23
Aug-11-2014,612.02
Aug-12-2014,611.32
Aug-13-2014,616.95
Aug-14-2014,618.26
Aug-15-2014,624.6
Aug-18-2014,627.47
Aug-19-2014,631.47
Aug-20-2014,636.62
Aug-21-2014,639.11
Aug-22-2014,639.72
Aug-25-2014,637.25
Aug-26-2014,637.55
Aug-27-2014,638.57
Aug-28-2014,640.49
Aug-29-2014,645.25
Sep-02-2014,642.53
Sep-03-2014,644.08
Sep-04-2014,645.72
Sep-05-2014,651.24
Sep-08-2014,652.5
Sep-09-2014,646.49
Sep-10-2014,646.55
Sep-11-2014,648.14
Sep-12-2014,639.89
Sep-15-2014,632.24
Sep-16-2014,643.12
Sep-17-2014,647.83
Sep-18-2014,657.37
Sep-19-2014,649.54
Sep-22-2014,641.35
Sep-23-2014,639.85
Sep-24-2014,647.53
Sep-25-2014,635.42
Sep-26-2014,643.34
Sep-29-2014,644.23
Sep-30-2014,638.48
Oct-01-2014,623.36
Oct-02-2014,619.66
Oct-03-2014,623.12
Oct-06-2014,617.97
Oct-07-2014,606.2
Oct-08-2014,619.97
Oct-09-2014,602.97
Oct-10-2014,561.4
Oct-13-2014,549.47
Oct-14-2014,559.67
Oct-15-2014,562.34
Oct-16-2014,570.73
Oct-17-2014,575.33
Oct-20-2014,584.15
Oct-21-2014,605.25
Oct-22-2014,596.93
Oct-23-2014,605.64
Oct-24-2014,612.05
Oct-27-2014,614.23
Oct-28-2014,623.46
Oct-29-2014,624.19
Oct-30-2014,616.96
Oct-31-2014,640.86
Nov-03-2014,644.77
Nov-04-2014,642.99
Nov-05-2014,649.04
Nov-06-2014,643.3
Nov-07-2014,637.48
Nov-10-2014,642.25
Nov-11-2014,640.43
Nov-12-2014,639.76
Nov-13-2014,639.8
Nov-14-2014,645.56
Nov-17-2014,642.55
Nov-18-2014,654.77
Nov-19-2014,650.18
Nov-20-2014,656.27
